TAZ,TAZ1454
2337,1005.0
2331,999.0
2330,998.0
2332,1000.0
2333,1001.0
2329,997.0
2328,996.0
2325,993.0
2324,992.0
2309,977.0
2308,976.0
2307,975.0
2311,979.0
2310,978.0
2322,990.0
2321,989.0
2320,988.0
2319,987.0
2297,965.0
2298,966.0
2317,985.0
2318,986.0
2316,984.0
2315,983.0
2314,982.0
2313,981.0
2312,980.0
2302,970.0
2303,971.0
2300,968.0
2301,969.0
2299,967.0
2278,946.0
2277,945.0
2304,972.0
2273,941.0
2274,942.0
2271,939.0
2272,940.0
2305,973.0
2306,974.0
2248,916.0
2247,915.0
2246,914.0
2251,919.0
2245,913.0
2244,912.0
2252,920.0
2253,921.0
2254,922.0
2269,937.0
2270,938.0
2275,943.0
2276,944.0
2266,934.0
2267,935.0
2268,936.0
2263,931.0
2264,932.0
2265,933.0
2279,947.0
2258,926.0
2260,928.0
2259,927.0
2261,929.0
2262,930.0
2256,924.0
2255,923.0
2242,910.0
2241,909.0
2240,908.0
2238,906.0
2237,905.0
2257,925.0
2228,896.0
2229,897.0
2230,898.0
2236,904.0
2235,903.0
2234,902.0
2239,907.0
2243,911.0
2217,885.0
2233,901.0
2218,886.0
2221,889.0
2222,890.0
2232,900.0
2231,899.0
2227,895.0
2226,894.0
2208,876.0
2209,877.0
2210,878.0
2224,892.0
2225,893.0
2223,891.0
2220,888.0
2219,887.0
2216,884.0
2215,883.0
2214,882.0
2213,881.0
2212,880.0
2211,879.0
2367,1035.0
2368,1036.0
2371,1039.0
2370,1038.0
2369,1037.0
2366,1034.0
2362,1030.0
2363,1031.0
2365,1033.0
2364,1032.0
2361,1029.0
2360,1028.0
2359,1027.0
2358,1026.0
2357,1025.0
2346,1014.0
2356,1024.0
2355,1023.0
2354,1022.0
2353,1021.0
2352,1020.0
2351,1019.0
2339,1007.0
2340,1008.0
2350,1018.0
2349,1017.0
2348,1016.0
2347,1015.0
2345,1013.0
2344,1012.0
2343,1011.0
2342,1010.0
2341,1009.0
2338,1006.0
2336,1004.0
2334,1002.0
2335,1003.0
2327,995.0
2326,994.0
2323,991.0
2250,918.0
2249,917.0
2281,949.0
2280,948.0
2292,960.0
2293,961.0
2296,964.0
2294,962.0
2295,963.0
2291,959.0
2288,956.0
2287,955.0
2282,950.0
2283,951.0
2284,952.0
2285,953.0
2286,954.0
2289,957.0
2290,958.0
2176,844.0
2177,845.0
2182,850.0
2183,851.0
2185,853.0
2184,852.0
2181,849.0
2178,846.0
2180,848.0
2179,847.0
2174,842.0
2172,840.0
2200,868.0
2201,869.0
2202,870.0
2205,873.0
2204,872.0
2203,871.0
2199,867.0
2198,866.0
2197,865.0
2196,864.0
2195,863.0
2194,862.0
2193,861.0
2192,860.0
2191,859.0
2190,858.0
2189,857.0
2188,856.0
2186,854.0
2187,855.0
2152,820.0
2153,821.0
2175,843.0
2173,841.0
2171,839.0
2170,838.0
2169,837.0
2168,836.0
2167,835.0
2166,834.0
2165,833.0
2164,832.0
2163,831.0
2160,828.0
2155,823.0
2154,822.0
2156,824.0
2157,825.0
2158,826.0
2161,829.0
2159,827.0
2162,830.0
2144,812.0
2142,810.0
2143,811.0
2145,813.0
2146,814.0
2147,815.0
2148,816.0
2149,817.0
2150,818.0
2151,819.0
2136,804.0
2137,805.0
2139,807.0
2138,806.0
2140,808.0
2141,809.0
2135,803.0
2134,802.0
2129,797.0
2128,796.0
2125,793.0
2124,792.0
2123,791.0
2130,798.0
2132,800.0
2133,801.0
2127,795.0
2126,794.0
2113,781.0
2114,782.0
2115,783.0
2116,784.0
2119,787.0
2131,799.0
2122,790.0
2120,788.0
2121,789.0
2118,786.0
2117,785.0
2106,774.0
2108,776.0
2110,778.0
2094,762.0
2095,763.0
2109,777.0
2112,780.0
2111,779.0
2088,756.0
2093,761.0
2092,760.0
2096,764.0
2107,775.0
2098,766.0
2097,765.0
2091,759.0
2089,757.0
2090,758.0
2087,755.0
2085,753.0
2086,754.0
2079,747.0
2080,748.0
2081,749.0
2103,771.0
2102,770.0
2100,768.0
2104,772.0
2105,773.0
2099,767.0
2062,730.0
2063,731.0
2064,732.0
2065,733.0
2066,734.0
2067,735.0
2068,736.0
2069,737.0
2073,741.0
2072,740.0
2070,738.0
2071,739.0
2078,746.0
2075,743.0
2061,729.0
2074,742.0
2076,744.0
2077,745.0
2047,715.0
2057,725.0
2051,719.0
2052,720.0
2060,728.0
2053,721.0
2054,722.0
2048,716.0
2050,718.0
2049,717.0
2055,723.0
2056,724.0
2059,727.0
2058,726.0
2513,1181.0
2512,1180.0
2514,1182.0
2517,1185.0
2511,1179.0
2510,1178.0
2509,1177.0
2521,1189.0
2520,1188.0
2515,1183.0
2526,1194.0
2523,1191.0
2529,1197.0
2522,1190.0
2525,1192.0
2524,1192.0
2519,1187.0
2516,1184.0
2537,1205.0
2538,1206.0
2535,1203.0
2536,1204.0
2531,1199.0
2530,1198.0
2528,1196.0
2532,1200.0
2539,1207.0
2541,1209.0
2540,1208.0
2542,1210.0
2429,1097.0
2424,1092.0
2425,1093.0
2423,1091.0
2426,1094.0
2427,1095.0
2428,1096.0
2456,1124.0
2458,1126.0
2457,1125.0
2455,1123.0
2459,1127.0
2460,1128.0
2453,1121.0
2461,1129.0
2462,1130.0
2454,1122.0
2445,1113.0
2444,1112.0
2443,1111.0
2442,1110.0
2441,1109.0
2431,1099.0
2440,1108.0
2439,1107.0
2436,1104.0
2438,1106.0
2437,1105.0
2448,1116.0
2447,1115.0
2446,1114.0
2452,1120.0
2449,1117.0
2450,1118.0
2470,1138.0
2451,1119.0
2469,1137.0
2472,1140.0
2473,1141.0
2466,1134.0
2465,1133.0
2481,1149.0
2479,1147.0
2476,1144.0
2475,1143.0
2474,1142.0
2494,1162.0
2504,1172.0
2505,1173.0
2506,1174.0
2501,1169.0
2499,1167.0
2500,1168.0
2507,1175.0
2503,1171.0
2493,1161.0
2502,1161.0
2495,1163.0
2496,1164.0
2497,1165.0
2498,1166.0
2463,1131.0
2464,1132.0
2482,1150.0
2484,1152.0
2480,1148.0
2483,1151.0
2491,1159.0
2492,1160.0
2490,1158.0
2489,1157.0
2488,1156.0
2485,1153.0
2487,1155.0
2486,1154.0
2518,1186.0
2508,1176.0
2527,1195.0
2430,1098.0
2435,1103.0
2471,1139.0
2434,1102.0
2432,1100.0
2433,1101.0
2420,1088.0
2419,1087.0
2422,1090.0
2421,1089.0
2415,1083.0
2414,1082.0
2416,1084.0
2418,1086.0
2417,1085.0
2411,1079.0
2410,1078.0
2409,1077.0
2408,1076.0
2406,1074.0
2413,1081.0
2412,1080.0
2401,1069.0
2400,1068.0
2402,1070.0
2403,1071.0
2405,1073.0
2404,1072.0
2399,1067.0
2398,1066.0
2407,1075.0
2386,1054.0
2387,1055.0
2397,1065.0
2396,1064.0
2388,1056.0
2389,1057.0
2395,1063.0
2393,1061.0
2394,1062.0
2392,1060.0
2391,1059.0
2390,1058.0
2382,1050.0
2381,1049.0
2385,1053.0
2377,1045.0
2384,1052.0
2383,1051.0
2379,1047.0
2380,1048.0
2373,1041.0
2372,1040.0
2378,1046.0
2374,1042.0
2375,1043.0
2376,1044.0
2736,1404.0
2737,1405.0
2745,1413.0
2744,1412.0
2746,1414.0
2743,1411.0
2741,1409.0
2742,1410.0
2740,1408.0
2738,1406.0
2739,1407.0
2756,1424.0
2757,1425.0
2755,1423.0
2754,1422.0
2753,1421.0
2763,1431.0
2759,1427.0
2758,1426.0
2762,1430.0
2761,1429.0
2760,1428.0
2750,1418.0
2766,1434.0
2751,1419.0
2752,1420.0
2765,1433.0
2764,1432.0
2767,1435.0
2749,1417.0
2768,1436.0
2769,1437.0
2772,1440.0
2773,1441.0
2770,1438.0
2771,1439.0
2779,1447.0
2777,1445.0
2778,1446.0
2776,1444.0
2774,1442.0
2775,1443.0
2784,1452.0
2782,1450.0
2783,1451.0
2781,1449.0
2780,1448.0
2785,1453.0
2748,1416.0
2747,1415.0
2633,1301.0
2631,1299.0
2632,1300.0
2627,1295.0
2628,1296.0
2637,1305.0
2629,1297.0
2630,1298.0
2638,1306.0
2636,1304.0
2639,1307.0
2635,1303.0
2634,1302.0
2625,1293.0
2626,1294.0
2624,1292.0
2623,1291.0
2640,1308.0
2641,1309.0
2642,1310.0
2643,1311.0
2647,1315.0
2646,1314.0
2645,1313.0
2644,1312.0
2648,1316.0
2649,1317.0
1741,41.0
1740,40.0
1739,39.0
1738,38.0
1737,37.0
1736,36.0
1735,35.0
1734,34.0
1733,33.0
1732,32.0
1728,28.0
1727,27.0
1725,25.0
1724,24.0
1726,26.0
1729,29.0
1731,31.0
1706,6.0
1730,30.0
1707,7.0
1709,9.0
1708,8.0
1743,43.0
1751,51.0
1750,50.0
1744,44.0
1745,45.0
1746,46.0
1749,49.0
1771,71.0
1748,48.0
1747,47.0
1775,75.0
1773,73.0
1772,72.0
1770,70.0
1774,74.0
1768,68.0
1769,69.0
1786,86.0
1777,77.0
1776,76.0
1778,78.0
1779,79.0
1780,80.0
1785,85.0
1787,87.0
1788,88.0
1784,84.0
1781,81.0
1782,82.0
1783,83.0
1789,89.0
1807,107.0
1742,42.0
1806,106.0
1805,105.0
1804,104.0
1793,93.0
1794,94.0
1803,103.0
1802,102.0
1801,101.0
1800,100.0
1799,99.0
1798,98.0
1795,95.0
1796,96.0
1797,97.0
1828,128.0
1829,129.0
1830,130.0
1827,127.0
1811,111.0
1814,114.0
1812,112.0
1813,113.0
1816,116.0
1815,115.0
1817,117.0
1818,118.0
1819,119.0
1820,120.0
1839,139.0
1841,141.0
1840,140.0
1843,143.0
1844,144.0
1845,145.0
1847,147.0
1850,150.0
1848,148.0
1821,121.0
1822,122.0
1823,123.0
1824,124.0
1825,125.0
1826,126.0
1834,134.0
1837,137.0
1838,138.0
1851,151.0
1852,152.0
1835,135.0
1836,136.0
1860,160.0
1861,161.0
1865,165.0
1864,164.0
1862,162.0
1859,159.0
1863,163.0
1855,155.0
1853,153.0
1854,154.0
1856,156.0
1790,90.0
1791,91.0
1876,176.0
1875,175.0
1874,174.0
1873,173.0
1872,172.0
1792,92.0
1871,171.0
1831,131.0
1870,170.0
1869,169.0
1832,132.0
1833,133.0
1866,166.0
1868,168.0
1867,167.0
1877,177.0
1878,178.0
1885,185.0
1884,184.0
1886,186.0
1887,187.0
1888,188.0
1889,189.0
1879,179.0
1881,181.0
1880,180.0
1883,183.0
1882,182.0
1766,66.0
1765,65.0
1762,62.0
1758,58.0
1757,57.0
1767,67.0
1764,64.0
1763,63.0
1761,61.0
1760,60.0
1759,59.0
1754,54.0
1755,55.0
1752,52.0
1756,56.0
1753,53.0
1858,158.0
1857,157.0
1846,146.0
1842,142.0
1849,149.0
1908,208.0
1907,207.0
1906,206.0
1905,205.0
1902,202.0
1903,203.0
1904,204.0
1892,192.0
1891,191.0
1896,196.0
1895,195.0
1893,193.0
1901,201.0
1894,194.0
1897,197.0
1898,198.0
1900,200.0
1918,218.0
1899,199.0
1919,219.0
1917,217.0
1914,214.0
1909,209.0
1910,210.0
1911,211.0
1912,212.0
1913,213.0
1931,231.0
1930,230.0
1920,220.0
1921,221.0
1922,222.0
1923,223.0
1924,224.0
1925,225.0
1926,226.0
1927,227.0
1928,228.0
1929,229.0
1932,232.0
1933,233.0
1936,236.0
1935,235.0
1937,237.0
1934,234.0
1938,238.0
1939,239.0
1940,240.0
1941,241.0
1942,242.0
1943,243.0
1944,244.0
1945,245.0
1946,246.0
1948,248.0
1947,247.0
1950,250.0
1949,249.0
1951,251.0
1952,252.0
1954,254.0
1953,253.0
1958,258.0
1959,259.0
1961,261.0
1960,260.0
1957,257.0
1956,256.0
1955,255.0
1980,280.0
1982,282.0
1991,291.0
1992,292.0
1990,290.0
1985,285.0
1984,284.0
1983,283.0
1981,281.0
1978,278.0
1979,279.0
1962,262.0
1963,263.0
1964,264.0
1965,265.0
1970,270.0
1971,271.0
1966,266.0
1973,273.0
1972,272.0
1968,268.0
1967,267.0
1969,269.0
1974,274.0
1977,277.0
1976,276.0
1975,275.0
1986,286.0
1989,289.0
1988,288.0
1987,287.0
2010,310.0
2009,309.0
2018,318.0
2008,308.0
2007,307.0
2006,306.0
2005,305.0
2004,304.0
2002,302.0
2003,303.0
2019,319.0
2017,317.0
2016,316.0
2014,314.0
2015,315.0
2026,326.0
2013,313.0
2012,312.0
2011,311.0
2030,330.0
2029,329.0
2027,327.0
2028,328.0
2023,323.0
2024,324.0
2025,325.0
2020,320.0
2001,301.0
2021,321.0
2022,322.0
2042,342.0
2039,339.0
2038,338.0
2031,331.0
2032,332.0
2033,333.0
2034,334.0
2035,335.0
2036,336.0
2037,337.0
2040,340.0
2041,341.0
2043,343.0
420,344.0
2044,344.0
2045,345.0
2046,346.0
1998,298.0
2000,300.0
1999,299.0
1995,295.0
1994,294.0
1993,293.0
1996,296.0
1997,297.0
1089,547.0
1100,547.0
1090,547.0
1091,547.0
1092,547.0
1084,547.0
1093,547.0
1085,547.0
1086,547.0
1097,546.0
1096,546.0
1098,546.0
1099,546.0
1094,546.0
1095,546.0
1088,546.0
1087,546.0
763,542.0
762,542.0
761,542.0
760,542.0
776,541.0
775,541.0
777,541.0
774,541.0
773,541.0
772,541.0
778,541.0
883,541.0
770,540.0
771,540.0
769,540.0
768,540.0
575,558.0
577,558.0
578,558.0
579,558.0
1193,558.0
1194,558.0
1195,558.0
1196,558.0
1197,558.0
1198,558.0
1199,558.0
1200,558.0
1201,558.0
1202,558.0
1204,558.0
1205,558.0
1203,558.0
1147,557.0
1016,557.0
1149,557.0
766,557.0
1142,557.0
1146,557.0
1141,557.0
1148,557.0
1144,556.0
556,556.0
1145,556.0
1143,556.0
576,549.0
1135,549.0
1132,549.0
1134,549.0
1129,549.0
1131,549.0
1133,549.0
1127,549.0
1128,549.0
1130,549.0
1101,548.0
1102,548.0
1103,548.0
1104,548.0
1105,548.0
1106,548.0
1107,548.0
1108,548.0
1109,548.0
1110,548.0
1111,548.0
1112,548.0
1113,548.0
1114,548.0
1115,548.0
1116,548.0
1117,548.0
1118,550.0
1119,550.0
1120,550.0
1121,550.0
1122,550.0
1123,550.0
1124,550.0
1125,550.0
1126,550.0
1139,554.0
1140,554.0
1137,554.0
1136,554.0
1138,554.0
948,551.0
843,551.0
1150,551.0
1151,551.0
1152,551.0
1153,551.0
1154,552.0
1156,553.0
844,553.0
1155,553.0
1164,555.0
1163,555.0
1162,555.0
1160,555.0
1161,555.0
1159,555.0
1158,555.0
1157,555.0
829,560.0
580,560.0
555,560.0
582,560.0
581,560.0
701,559.0
700,559.0
699,559.0
884,537.0
885,537.0
889,537.0
888,537.0
886,537.0
868,537.0
867,537.0
887,537.0
787,535.0
786,535.0
785,535.0
784,535.0
901,535.0
788,536.0
791,536.0
796,534.0
795,534.0
794,533.0
792,533.0
789,533.0
793,533.0
890,532.0
891,532.0
710,531.0
906,531.0
709,528.0
708,528.0
707,528.0
705,527.0
920,527.0
704,527.0
702,527.0
703,527.0
711,526.0
712,526.0
919,526.0
798,529.0
713,529.0
15,530.0
8,530.0
10,530.0
11,530.0
30,530.0
799,521.0
732,521.0
733,521.0
907,521.0
625,519.0
623,519.0
626,519.0
624,519.0
24,519.0
627,520.0
628,520.0
908,522.0
909,522.0
910,522.0
730,523.0
731,523.0
911,523.0
729,524.0
916,524.0
728,524.0
622,685.0
630,685.0
617,683.0
618,683.0
846,683.0
914,684.0
915,684.0
621,686.0
619,686.0
631,687.0
620,687.0
878,687.0
917,525.0
918,525.0
714,525.0
718,681.0
719,681.0
720,681.0
717,681.0
614,682.0
615,682.0
847,682.0
613,682.0
616,682.0
1182,563.0
1183,563.0
813,563.0
554,563.0
814,563.0
815,563.0
816,563.0
1184,563.0
1185,563.0
1186,563.0
1187,563.0
1188,563.0
1189,563.0
1167,579.0
1165,579.0
1166,579.0
1174,578.0
1175,578.0
650,564.0
550,564.0
716,564.0
715,564.0
935,580.0
552,580.0
1176,577.0
1170,561.0
1168,561.0
1172,561.0
1171,561.0
1169,561.0
1173,561.0
584,562.0
583,562.0
723,566.0
557,566.0
1489,566.0
724,566.0
722,566.0
721,566.0
726,565.0
725,565.0
727,565.0
934,568.0
1192,568.0
597,573.0
594,573.0
593,573.0
931,571.0
596,572.0
595,572.0
1177,576.0
1178,576.0
1179,575.0
1180,575.0
1181,574.0
698,567.0
1190,567.0
1191,567.0
598,569.0
599,570.0
879,582.0
1061,582.0
1057,583.0
548,583.0
1059,583.0
547,583.0
1058,583.0
1056,584.0
1055,584.0
945,642.0
1064,642.0
1067,647.0
1070,647.0
836,650.0
1071,650.0
1072,650.0
1062,651.0
1063,651.0
819,653.0
807,653.0
806,653.0
1075,653.0
1076,653.0
1077,653.0
585,654.0
586,654.0
835,644.0
1066,644.0
1068,644.0
834,643.0
833,643.0
939,643.0
938,645.0
831,645.0
832,646.0
1069,646.0
937,649.0
1065,648.0
805,648.0
943,648.0
1073,652.0
1074,652.0
592,655.0
742,655.0
591,655.0
589,655.0
590,655.0
588,655.0
587,655.0
882,585.0
1060,585.0
936,581.0
1054,586.0
1053,586.0
944,588.0
1052,587.0
940,638.0
941,641.0
1049,639.0
1048,639.0
1051,640.0
1050,640.0
1027,593.0
1026,593.0
842,593.0
1041,592.0
551,592.0
1042,592.0
1040,591.0
881,591.0
1039,591.0
1038,591.0
1047,590.0
1035,595.0
1034,595.0
947,595.0
1036,594.0
1037,594.0
1024,596.0
1023,596.0
1025,597.0
1019,630.0
957,631.0
1013,631.0
820,632.0
1014,632.0
1015,632.0
1017,632.0
1028,633.0
1029,633.0
1030,633.0
1046,634.0
1045,634.0
1044,589.0
1043,589.0
1031,635.0
1033,636.0
1032,636.0
845,629.0
1018,629.0
1020,629.0
1022,637.0
946,637.0
1021,637.0
987,627.0
988,627.0
989,627.0
990,627.0
984,628.0
985,628.0
999,628.0
838,605.0
803,605.0
804,605.0
952,605.0
995,605.0
996,605.0
997,605.0
998,605.0
841,601.0
1006,601.0
1007,601.0
1008,601.0
986,626.0
983,623.0
956,599.0
870,599.0
1002,599.0
840,600.0
1000,600.0
1001,600.0
543,598.0
1005,598.0
1003,598.0
1004,598.0
955,624.0
991,625.0
992,625.0
993,625.0
994,625.0
981,621.0
982,621.0
954,622.0
269,616.0
270,616.0
304,610.0
265,610.0
266,610.0
267,609.0
306,609.0
268,609.0
274,619.0
272,619.0
308,620.0
257,620.0
275,618.0
309,618.0
307,617.0
271,617.0
311,615.0
276,615.0
277,615.0
310,615.0
263,615.0
295,614.0
296,614.0
297,614.0
318,614.0
293,613.0
292,613.0
294,613.0
322,606.0
253,606.0
254,606.0
287,606.0
317,606.0
300,612.0
302,612.0
262,612.0
299,612.0
298,612.0
303,612.0
264,611.0
305,611.0
301,611.0
320,611.0
321,611.0
45,401.0
438,401.0
368,401.0
369,401.0
370,401.0
381,401.0
523,401.0
525,401.0
43,402.0
42,402.0
1461,402.0
44,402.0
1355,402.0
1354,402.0
1385,422.0
1384,422.0
1470,422.0
1383,422.0
1370,422.0
1381,421.0
1398,421.0
1380,421.0
1399,421.0
1382,420.0
1317,413.0
1316,413.0
1312,413.0
1311,414.0
1233,414.0
1308,414.0
1309,414.0
1310,414.0
1220,543.0
1221,543.0
754,543.0
1210,543.0
866,543.0
1269,443.0
1268,443.0
1273,438.0
1274,438.0
1279,438.0
1280,438.0
1223,437.0
1276,437.0
1277,437.0
1278,437.0
1282,437.0
1271,442.0
1272,442.0
1267,444.0
1270,444.0
1265,441.0
1216,441.0
1264,441.0
1235,439.0
1266,439.0
1263,440.0
1262,440.0
1256,436.0
1257,436.0
1258,436.0
1259,436.0
1260,436.0
1261,436.0
1228,545.0
1212,545.0
1275,545.0
1288,545.0
1289,545.0
1290,545.0
1291,545.0
876,544.0
1222,544.0
1287,544.0
1292,544.0
1293,544.0
1294,544.0
1295,544.0
781,466.0
782,466.0
779,466.0
780,466.0
783,466.0
1253,465.0
1252,465.0
1254,465.0
1255,465.0
1248,465.0
1249,465.0
1241,465.0
1213,464.0
1240,464.0
1225,464.0
1250,464.0
1251,464.0
1238,461.0
1237,461.0
1218,461.0
1217,461.0
1244,461.0
1239,463.0
1224,463.0
1247,463.0
1236,462.0
1246,462.0
1245,462.0
750,476.0
753,476.0
752,476.0
751,476.0
850,478.0
746,478.0
745,478.0
749,477.0
892,477.0
744,471.0
743,471.0
894,470.0
897,470.0
893,472.0
898,473.0
790,467.0
895,467.0
9,468.0
896,468.0
900,469.0
4,504.0
25,504.0
2,504.0
21,504.0
22,504.0
32,504.0
34,504.0
1490,504.0
19,504.0
23,504.0
26,504.0
17,503.0
3,503.0
27,503.0
28,503.0
748,475.0
553,475.0
747,475.0
29,501.0
31,501.0
603,499.0
601,499.0
602,499.0
899,474.0
5,502.0
12,500.0
13,500.0
20,500.0
1,505.0
6,505.0
14,505.0
245,506.0
7,506.0
16,506.0
874,518.0
243,518.0
250,518.0
251,518.0
871,517.0
912,517.0
629,515.0
848,515.0
913,515.0
959,515.0
873,516.0
869,516.0
875,514.0
241,514.0
240,514.0
872,514.0
242,514.0
226,514.0
812,514.0
227,511.0
224,511.0
244,511.0
237,511.0
236,511.0
235,511.0
228,511.0
247,511.0
238,513.0
239,513.0
248,513.0
223,509.0
225,509.0
234,509.0
246,509.0
233,508.0
232,508.0
231,508.0
249,508.0
229,507.0
230,507.0
18,507.0
323,510.0
324,510.0
1332,497.0
1333,497.0
1347,497.0
1350,497.0
1331,496.0
1351,496.0
1352,496.0
1344,493.0
1342,493.0
1341,493.0
1340,493.0
1343,493.0
1345,493.0
1336,498.0
1337,498.0
1335,498.0
1339,498.0
1338,498.0
1346,494.0
1348,494.0
1349,494.0
1334,495.0
81,495.0
1330,495.0
1353,495.0
113,490.0
114,490.0
115,490.0
116,490.0
117,490.0
105,489.0
127,489.0
128,489.0
129,489.0
130,489.0
131,489.0
132,488.0
133,488.0
134,488.0
135,488.0
136,488.0
204,487.0
100,487.0
102,487.0
101,487.0
99,487.0
98,487.0
118,486.0
119,486.0
120,491.0
121,491.0
122,491.0
123,492.0
124,492.0
125,492.0
126,492.0
607,481.0
606,481.0
605,480.0
604,480.0
1488,483.0
611,483.0
610,483.0
609,482.0
608,482.0
90,484.0
109,484.0
110,484.0
111,484.0
112,484.0
89,479.0
106,479.0
107,479.0
108,479.0
91,485.0
93,485.0
92,485.0
94,485.0
86,485.0
88,460.0
87,460.0
97,460.0
96,460.0
95,460.0
1375,459.0
1450,459.0
1376,459.0
1486,459.0
1436,457.0
1435,457.0
1374,458.0
1449,458.0
1428,454.0
1430,454.0
1429,454.0
1432,455.0
1431,455.0
1434,456.0
1433,456.0
1482,453.0
1426,453.0
1462,453.0
1427,453.0
1437,452.0
1438,452.0
1445,451.0
1444,451.0
1443,451.0
1442,451.0
1441,449.0
1439,449.0
1440,449.0
1366,448.0
1367,448.0
1455,448.0
1456,448.0
1457,447.0
1458,447.0
1459,445.0
1460,445.0
1364,394.0
1447,394.0
1478,394.0
1423,394.0
1365,394.0
1448,394.0
1479,394.0
1424,394.0
1422,450.0
1483,450.0
1480,450.0
1420,450.0
1373,450.0
1484,450.0
1421,450.0
1453,446.0
1452,446.0
1451,446.0
1454,446.0
1412,425.0
1372,425.0
1401,423.0
1400,423.0
1413,424.0
1485,424.0
1371,424.0
375,391.0
395,391.0
396,391.0
1361,393.0
1446,393.0
1481,393.0
1425,393.0
1369,392.0
404,377.0
407,377.0
392,377.0
360,377.0
416,377.0
408,376.0
401,376.0
409,373.0
410,375.0
456,374.0
385,374.0
386,374.0
387,374.0
477,374.0
363,365.0
364,365.0
384,380.0
411,380.0
362,372.0
400,372.0
383,379.0
412,379.0
382,379.0
380,378.0
379,378.0
371,378.0
378,378.0
413,378.0
418,378.0
419,378.0
372,390.0
373,390.0
367,390.0
414,390.0
1471,390.0
390,381.0
397,381.0
398,381.0
389,381.0
365,382.0
366,382.0
399,383.0
393,383.0
394,389.0
388,389.0
391,389.0
212,388.0
213,388.0
218,388.0
209,387.0
210,387.0
211,387.0
207,386.0
206,386.0
205,386.0
203,384.0
214,384.0
216,384.0
195,370.0
202,370.0
194,370.0
196,370.0
215,370.0
200,371.0
199,371.0
201,371.0
198,369.0
217,369.0
197,369.0
537,367.0
457,367.0
493,367.0
513,367.0
515,367.0
516,366.0
517,366.0
518,366.0
492,366.0
473,362.0
482,362.0
486,362.0
487,362.0
524,362.0
483,364.0
529,364.0
439,363.0
472,363.0
484,363.0
485,363.0
469,360.0
470,360.0
471,360.0
490,360.0
491,360.0
503,360.0
474,361.0
475,361.0
488,361.0
489,361.0
501,358.0
502,358.0
526,358.0
527,358.0
499,357.0
500,357.0
497,357.0
498,357.0
431,356.0
430,356.0
432,356.0
433,356.0
426,356.0
434,356.0
427,356.0
466,356.0
435,356.0
437,356.0
436,356.0
460,356.0
495,356.0
496,356.0
532,356.0
533,356.0
534,356.0
535,356.0
467,359.0
468,359.0
504,359.0
505,359.0
459,355.0
462,355.0
464,355.0
447,355.0
446,355.0
445,355.0
444,355.0
463,355.0
443,355.0
424,355.0
465,355.0
429,355.0
494,355.0
519,355.0
520,355.0
461,354.0
428,354.0
448,354.0
450,354.0
449,354.0
530,354.0
531,354.0
509,353.0
510,352.0
219,368.0
455,368.0
453,368.0
220,368.0
476,368.0
454,368.0
208,385.0
79,385.0
78,385.0
83,512.0
84,512.0
634,688.0
633,688.0
632,688.0
639,692.0
612,693.0
697,693.0
642,695.0
826,695.0
640,691.0
641,691.0
818,696.0
696,696.0
695,696.0
693,696.0
694,696.0
706,696.0
810,696.0
817,696.0
921,694.0
638,689.0
637,689.0
635,690.0
636,690.0
740,656.0
737,656.0
738,656.0
739,656.0
735,656.0
741,656.0
837,656.0
643,657.0
673,657.0
675,657.0
674,657.0
654,680.0
652,680.0
653,680.0
651,680.0
678,674.0
677,674.0
680,674.0
549,674.0
685,675.0
684,675.0
683,675.0
687,676.0
689,676.0
811,676.0
691,676.0
692,676.0
690,676.0
930,670.0
933,670.0
929,669.0
657,669.0
928,672.0
649,672.0
646,671.0
645,671.0
644,671.0
659,668.0
658,668.0
661,666.0
660,667.0
545,679.0
655,679.0
546,679.0
656,679.0
880,678.0
927,678.0
647,673.0
648,673.0
686,677.0
688,677.0
681,677.0
682,677.0
676,664.0
924,664.0
925,665.0
926,665.0
679,663.0
923,662.0
666,660.0
668,660.0
809,660.0
808,660.0
667,660.0
827,660.0
544,661.0
665,661.0
662,661.0
664,661.0
663,661.0
922,661.0
669,659.0
670,659.0
671,658.0
672,658.0
85,697.0
41,697.0
40,697.0
573,697.0
572,697.0
571,697.0
574,697.0
565,697.0
566,697.0
564,697.0
570,697.0
563,697.0
567,697.0
734,697.0
559,697.0
568,697.0
569,697.0
560,697.0
561,697.0
562,697.0
736,697.0
821,697.0
822,697.0
823,697.0
824,697.0
825,697.0
851,697.0
852,697.0
853,697.0
854,697.0
855,697.0
856,697.0
857,697.0
858,697.0
859,697.0
860,697.0
861,697.0
862,697.0
863,697.0
864,697.0
865,697.0
797,704.0
339,700.0
327,700.0
349,700.0
358,700.0
348,700.0
354,700.0
350,700.0
332,700.0
336,700.0
329,703.0
357,703.0
356,703.0
355,703.0
335,703.0
344,702.0
343,702.0
328,702.0
325,702.0
330,702.0
340,702.0
342,702.0
346,702.0
341,702.0
345,702.0
337,701.0
326,701.0
351,701.0
338,698.0
333,698.0
334,698.0
352,698.0
347,699.0
48,699.0
38,699.0
353,699.0
68,712.0
183,712.0
69,712.0
71,712.0
72,712.0
185,712.0
70,712.0
73,712.0
63,712.0
67,712.0
50,712.0
55,712.0
46,712.0
59,712.0
56,712.0
58,712.0
66,712.0
184,712.0
54,713.0
60,713.0
61,713.0
331,713.0
62,713.0
74,713.0
49,713.0
65,713.0
47,713.0
51,713.0
52,713.0
64,713.0
53,713.0
149,711.0
148,711.0
147,711.0
142,710.0
145,710.0
144,710.0
141,710.0
146,710.0
143,710.0
181,710.0
188,709.0
189,709.0
190,709.0
191,709.0
192,709.0
193,709.0
150,705.0
151,705.0
172,705.0
171,705.0
169,705.0
170,705.0
168,705.0
152,705.0
153,708.0
155,708.0
154,708.0
156,708.0
157,708.0
160,708.0
163,708.0
158,708.0
159,708.0
164,708.0
161,707.0
162,707.0
166,707.0
178,707.0
165,707.0
179,707.0
177,707.0
33,707.0
187,707.0
167,707.0
180,707.0
139,706.0
138,706.0
137,706.0
140,706.0
37,706.0
173,706.0
39,706.0
36,706.0
182,706.0
57,706.0
186,706.0
175,706.0
176,706.0
174,706.0
75,706.0
76,706.0
77,706.0
600,714.0
82,714.0
2562,1230.0
2578,1246.0
2561,1229.0
2563,1231.0
2559,1227.0
2560,1228.0
2551,1219.0
2553,1221.0
2552,1220.0
2555,1223.0
2554,1222.0
2570,1238.0
2556,1224.0
2557,1225.0
2558,1226.0
2564,1232.0
2565,1233.0
2574,1242.0
2566,1234.0
2567,1235.0
2568,1236.0
2569,1237.0
2573,1241.0
2572,1240.0
2571,1239.0
2575,1243.0
2576,1244.0
2577,1245.0
2544,1212.0
2543,1211.0
2550,1218.0
2549,1217.0
2548,1216.0
2547,1215.0
2546,1214.0
2545,1213.0
2580,1248.0
2579,1247.0
2581,1249.0
2599,1267.0
2600,1268.0
2601,1269.0
2602,1270.0
2598,1266.0
2582,1250.0
2595,1263.0
2594,1262.0
2597,1265.0
2596,1264.0
2591,1259.0
2592,1260.0
2590,1258.0
2589,1257.0
2583,1251.0
2593,1261.0
2587,1255.0
2586,1254.0
2585,1253.0
2588,1256.0
2584,1252.0
2612,1280.0
2618,1286.0
2611,1279.0
2603,1271.0
2608,1276.0
2610,1278.0
2609,1277.0
2604,1272.0
2616,1284.0
2613,1281.0
2607,1275.0
2606,1274.0
2605,1273.0
2617,1285.0
2614,1282.0
2615,1283.0
2619,1287.0
2620,1288.0
2621,1289.0
2622,1290.0
2656,1324.0
2655,1323.0
2652,1320.0
2651,1319.0
2654,1322.0
2653,1321.0
2650,1318.0
2665,1333.0
2666,1334.0
2667,1335.0
2668,1336.0
2657,1325.0
2664,1332.0
2658,1326.0
2659,1327.0
2663,1331.0
2662,1330.0
2661,1329.0
2660,1328.0
2671,1339.0
2669,1338.0
2670,1338.0
2675,1343.0
2676,1344.0
2677,1345.0
2679,1347.0
2678,1346.0
2673,1341.0
2674,1342.0
2672,1340.0
2681,1349.0
2680,1348.0
2682,1350.0
2684,1352.0
2683,1351.0
2685,1353.0
2690,1358.0
2691,1359.0
2692,1360.0
2693,1361.0
2695,1363.0
2696,1364.0
2688,1356.0
2694,1362.0
2697,1365.0
2698,1366.0
2689,1357.0
2687,1355.0
2686,1354.0
2699,1367.0
2700,1368.0
2701,1369.0
2705,1373.0
2702,1370.0
2704,1372.0
2703,1371.0
2706,1374.0
2708,1376.0
2709,1377.0
2714,1382.0
2707,1375.0
2710,1378.0
2711,1379.0
2712,1380.0
2713,1381.0
2716,1384.0
2718,1386.0
2717,1385.0
2719,1387.0
2720,1388.0
2715,1383.0
2722,1390.0
2723,1391.0
2725,1393.0
2724,1392.0
2726,1394.0
2728,1396.0
2727,1395.0
2729,1397.0
2731,1398.0
2730,1398.0
2732,1400.0
2733,1401.0
2734,1402.0
2735,1403.0
2721,1389.0
1701,1.0
1702,2.0
1703,3.0
1704,4.0
1705,5.0
1710,10.0
1711,11.0
1712,12.0
1713,13.0
1714,14.0
1715,15.0
1716,16.0
1717,17.0
1718,18.0
1719,19.0
1720,20.0
1721,21.0
1722,22.0
1723,23.0
1808,108.0
1809,109.0
1810,110.0
1915,215.0
1916,216.0
80,347.0
104,347.0
452,347.0
222,347.0
221,347.0
103,347.0
1329,347.0
479,347.0
451,347.0
478,347.0
481,347.0
536,348.0
480,348.0
422,349.0
514,349.0
528,349.0
458,349.0
421,349.0
423,349.0
511,350.0
512,350.0
442,351.0
440,351.0
441,351.0
506,351.0
507,351.0
425,351.0
508,351.0
521,351.0
522,351.0
1419,395.0
1417,395.0
1477,395.0
1418,395.0
1416,395.0
1358,396.0
1414,396.0
1415,396.0
374,397.0
359,397.0
406,397.0
403,397.0
415,398.0
376,398.0
405,399.0
361,399.0
402,399.0
377,400.0
417,400.0
1391,403.0
1390,403.0
1394,403.0
1392,403.0
1469,403.0
1466,403.0
1359,403.0
1467,403.0
1395,403.0
1387,403.0
1396,403.0
1397,403.0
1389,403.0
1357,403.0
1388,403.0
1468,403.0
1386,403.0
1356,403.0
1463,404.0
1464,404.0
1393,404.0
1465,404.0
1377,404.0
904,404.0
979,404.0
291,405.0
261,405.0
978,405.0
288,406.0
285,406.0
286,406.0
258,406.0
289,406.0
256,406.0
260,406.0
290,406.0
259,406.0
905,407.0
539,407.0
966,407.0
801,407.0
540,407.0
974,407.0
967,407.0
965,407.0
849,408.0
973,408.0
963,408.0
962,408.0
964,408.0
960,409.0
877,409.0
958,409.0
961,409.0
970,409.0
971,409.0
968,410.0
969,410.0
800,410.0
972,410.0
977,411.0
558,412.0
975,412.0
538,412.0
953,412.0
932,412.0
976,412.0
1219,415.0
1328,415.0
1322,415.0
1321,415.0
1226,415.0
1319,415.0
1318,415.0
1206,416.0
1324,416.0
1230,416.0
1232,416.0
1320,416.0
1314,416.0
1315,416.0
1313,416.0
1231,416.0
1325,417.0
1323,417.0
1378,418.0
1368,418.0
1379,419.0
1476,426.0
1406,426.0
1475,426.0
1407,426.0
1408,426.0
1472,426.0
1409,426.0
1362,427.0
1410,427.0
1474,427.0
1363,427.0
1405,427.0
1411,427.0
1473,427.0
1487,427.0
1404,427.0
1360,427.0
1215,428.0
1403,428.0
1402,428.0
1242,428.0
1296,429.0
1327,429.0
1283,429.0
1326,429.0
1297,430.0
1298,430.0
1300,430.0
1302,430.0
1305,430.0
1227,431.0
1299,431.0
1301,431.0
1281,431.0
1304,432.0
1229,432.0
1207,432.0
1214,432.0
1234,432.0
1243,432.0
1208,432.0
1303,432.0
1306,432.0
1307,432.0
1211,433.0
1209,433.0
1284,433.0
1285,433.0
1286,433.0
542,434.0
828,434.0
830,434.0
903,434.0
942,434.0
1078,434.0
1082,435.0
1081,435.0
802,435.0
1079,435.0
1080,435.0
1083,435.0
902,538.0
767,538.0
764,539.0
765,539.0
758,539.0
757,539.0
759,539.0
756,539.0
755,539.0
1011,602.0
1010,602.0
1012,603.0
949,603.0
839,603.0
950,603.0
951,604.0
541,604.0
1009,604.0
284,607.0
315,607.0
35,607.0
283,607.0
252,607.0
282,607.0
281,607.0
280,607.0
313,607.0
314,607.0
319,608.0
278,608.0
279,608.0
273,608.0
312,608.0
316,608.0
255,608.0
2082,750.0
2083,751.0
2084,752.0
2101,769.0
2206,874.0
2207,875.0
2467,1135.0
2468,1136.0
2477,1145.0
2478,1146.0
2533,1201.0
2534,1202.0
2786,
1890,
2914,
2915,
2930,
2920,
2921,
2927,
2926,
2924,
2923,
2922,
2929,
2928,
2903,
2901,
2902,
2910,
2911,
2913,
2912,
2908,
2907,
2906,
2905,
2909,
2904,
2919,
2932,
2925,
2931,
2916,
2917,
2918,
2933,
2934,
2937,
2938,
2939,
2941,
2942,
2943,
2944,
2945,
2946,
2947,
2948,
2949,
2950,
2951,
2952,
2954,
2955,
2956,
2957,
2958,
2936,
2935,
2953,
2940,
980,
2786,1454.0
980,404.0
1890,190.0
